{"0.6": 0.8632478632478633, "0.61": 0.905982905982906, "0.62": 0.9145299145299145, "0.63": 0.9145299145299145, "0.64": 0.9145299145299145, "0.65": 0.9230769230769231, "0.66": 0.9401709401709402, "0.67": 0.9401709401709402, "0.68": 0.9487179487179487, "0.69": 0.9487179487179487, "0.7": 0.9487179487179487, "0.71": 0.9572649572649573, "0.72": 0.9572649572649573, "0.73": 0.9572649572649573, "0.74": 0.9572649572649573, "0.75": 0.9572649572649573, "0.76": 0.9572649572649573, "0.77": 0.9572649572649573, "0.78": 0.9572649572649573, "0.79": 0.9572649572649573, "0.8": 0.9572649572649573, "0.81": 0.9572649572649573, "0.82": 0.9572649572649573, "0.83": 0.9572649572649573, "0.84": 0.9572649572649573, "0.85": 0.9572649572649573, "0.86": 0.9572649572649573, "0.87": 0.9572649572649573, "0.88": 0.9572649572649573, "0.89": 0.9572649572649573, "0.9": 0.9572649572649573, "0.91": 0.9572649572649573, "0.92": 0.9572649572649573, "0.93": 0.9572649572649573, "0.94": 0.9572649572649573, "0.95": 0.9572649572649573, "0.96": 0.9572649572649573, "0.97": 0.9572649572649573, "0.98": 0.9572649572649573, "0.99": 0.9572649572649573, "1.0": 0.9572649572649573}