{"60": 0.8632478632478633, "61": 0.905982905982906, "62": 0.9145299145299145, "63": 0.9145299145299145, "64": 0.9145299145299145, "65": 0.9230769230769231, "66": 0.9401709401709402, "67": 0.9401709401709402, "68": 0.9487179487179487, "69": 0.9487179487179487, "70": 0.9487179487179487, "71": 0.9572649572649573, "72": 0.9572649572649573, "73": 0.9572649572649573, "74": 0.9572649572649573, "75": 0.9572649572649573, "76": 0.9572649572649573, "77": 0.9572649572649573, "78": 0.9572649572649573, "79": 0.9572649572649573, "80": 0.9572649572649573, "81": 0.9572649572649573, "82": 0.9572649572649573, "83": 0.9572649572649573, "84": 0.9572649572649573, "85": 0.9572649572649573, "86": 0.9572649572649573, "87": 0.9572649572649573, "88": 0.9572649572649573, "89": 0.9572649572649573, "90": 0.9572649572649573, "91": 0.9572649572649573, "92": 0.9572649572649573, "93": 0.9572649572649573, "94": 0.9572649572649573, "95": 0.9572649572649573, "96": 0.9572649572649573, "97": 0.9572649572649573, "98": 0.9572649572649573, "99": 0.9572649572649573, "100": 0.9572649572649573}